------------------------------------------------------------------------------------------------------------
------------------------------------------------------------------------------------------------------------
------------------------------------------------------------------------------------------------------------
-------------------------------------------- ADRIAN MARGARIT -----------------------------------------------
------------------------------------------------------------------------------------------------------------
------------------------------------------------------------------------------------------------------------
--------------------------------- STUDENT DORMITORY MANAGEMENT SYSTEM --------------------------------------
------------------------------------------- TABLE CREATION -------------------------------------------------
------------------------------------------------------------------------------------------------------------
------------------------------------------------------------------------------------------------------------

CREATE TABLE CAMIN(
    COD_CAMIN NUMBER(10,0) NOT NULL PRIMARY KEY,
    NUME_CORP_CAMIN VARCHAR2(30) NOT NULL,
    NR_ETAJE_CAMIN NUMBER(4,0),
    NR_CAMERE_CAMIN NUMBER(4,0),
    NR_TELEFON_CAMIN NUMBER(10,0),
    EMAIL_CAMIN VARCHAR2(30),
    ADRESA_CAMIN VARCHAR2(60)
);
INSERT INTO CAMIN VALUES(6488329691, 'CORP A', 4, 35, 0215432221, 'ub_corpa@unibuc.ro', 'Bulevardul Mihail Kogalniceanu nr. 3-5');
INSERT INTO CAMIN VALUES(7323821124, 'CORP B', 4, 35, 0214435256, 'ub_corpb@unibuc.ro', 'Strada Zimbrilor nr. 62-69');
INSERT INTO CAMIN VALUES(6432232911, 'CORP C', 4, 35, 0217483922, 'ub_corpc@unibuc.ro', 'Calea Urlatilor nr. 10-14');
INSERT INTO CAMIN VALUES(5674393928, 'CORP D', 4, 35, 0218489221, 'ub_corpd@unibuc.ro', 'Strada Moinesti nr. 2-8');

CREATE TABLE CAMERA(
    COD_CAMIN NUMBER(10,0) NOT NULL, FOREIGN KEY (COD_CAMIN) REFERENCES CAMIN(COD_CAMIN),
    COD_CAMERA NUMBER(3, 0) NOT NULL UNIQUE,
    NR_CAMERA VARCHAR2(20) NOT NULL UNIQUE,
    PRIMARY KEY(COD_CAMIN, COD_CAMERA)
);
--CAMIN CORP A
INSERT INTO CAMERA VALUES(6488329691, 100, 'A_10');
INSERT INTO CAMERA VALUES(6488329691, 101, 'A_11');
INSERT INTO CAMERA VALUES(6488329691, 102, 'A_12');
INSERT INTO CAMERA VALUES(6488329691, 103, 'A_13');
INSERT INTO CAMERA VALUES(6488329691, 104, 'A_14');
INSERT INTO CAMERA VALUES(6488329691, 105, 'A_15');
INSERT INTO CAMERA VALUES(6488329691, 106, 'A_16');
INSERT INTO CAMERA VALUES(6488329691, 107, 'A_100');
INSERT INTO CAMERA VALUES(6488329691, 108, 'A_101');
INSERT INTO CAMERA VALUES(6488329691, 109, 'A_102');
INSERT INTO CAMERA VALUES(6488329691, 110, 'A_103');
INSERT INTO CAMERA VALUES(6488329691, 111, 'A_104');
INSERT INTO CAMERA VALUES(6488329691, 112, 'A_105');
INSERT INTO CAMERA VALUES(6488329691, 113, 'A_106');
INSERT INTO CAMERA VALUES(6488329691, 114, 'A_200');
INSERT INTO CAMERA VALUES(6488329691, 115, 'A_201');
INSERT INTO CAMERA VALUES(6488329691, 116, 'A_202');
INSERT INTO CAMERA VALUES(6488329691, 117, 'A_203');
INSERT INTO CAMERA VALUES(6488329691, 118, 'A_204');
INSERT INTO CAMERA VALUES(6488329691, 119, 'A_205');
INSERT INTO CAMERA VALUES(6488329691, 120, 'A_206');
INSERT INTO CAMERA VALUES(6488329691, 121, 'A_300');
INSERT INTO CAMERA VALUES(6488329691, 122, 'A_301');
INSERT INTO CAMERA VALUES(6488329691, 123, 'A_302');
INSERT INTO CAMERA VALUES(6488329691, 124, 'A_303');
INSERT INTO CAMERA VALUES(6488329691, 125, 'A_304');
INSERT INTO CAMERA VALUES(6488329691, 126, 'A_305');
INSERT INTO CAMERA VALUES(6488329691, 127, 'A_306');
INSERT INTO CAMERA VALUES(6488329691, 128, 'A_400');
INSERT INTO CAMERA VALUES(6488329691, 129, 'A_401');
INSERT INTO CAMERA VALUES(6488329691, 130, 'A_402');
INSERT INTO CAMERA VALUES(6488329691, 131, 'A_403');
INSERT INTO CAMERA VALUES(6488329691, 132, 'A_404');
INSERT INTO CAMERA VALUES(6488329691, 133, 'A_405');
INSERT INTO CAMERA VALUES(6488329691, 134, 'A_406');

--CAMIN CORP B
INSERT INTO CAMERA VALUES(7323821124, 200, 'B_10');
INSERT INTO CAMERA VALUES(7323821124, 201, 'B_11');
INSERT INTO CAMERA VALUES(7323821124, 202, 'B_12');
INSERT INTO CAMERA VALUES(7323821124, 203, 'B_13');
INSERT INTO CAMERA VALUES(7323821124, 204, 'B_14');
INSERT INTO CAMERA VALUES(7323821124, 205, 'B_15');
INSERT INTO CAMERA VALUES(7323821124, 206, 'B_16');
INSERT INTO CAMERA VALUES(7323821124, 207, 'B_100');
INSERT INTO CAMERA VALUES(7323821124, 208, 'B_101');
INSERT INTO CAMERA VALUES(7323821124, 209, 'B_102');
INSERT INTO CAMERA VALUES(7323821124, 210, 'B_103');
INSERT INTO CAMERA VALUES(7323821124, 211, 'B_104');
INSERT INTO CAMERA VALUES(7323821124, 212, 'B_105');
INSERT INTO CAMERA VALUES(7323821124, 213, 'B_106');
INSERT INTO CAMERA VALUES(7323821124, 214, 'B_200');
INSERT INTO CAMERA VALUES(7323821124, 215, 'B_201');
INSERT INTO CAMERA VALUES(7323821124, 216, 'B_202');
INSERT INTO CAMERA VALUES(7323821124, 217, 'B_203');
INSERT INTO CAMERA VALUES(7323821124, 218, 'B_204');
INSERT INTO CAMERA VALUES(7323821124, 219, 'B_205');
INSERT INTO CAMERA VALUES(7323821124, 220, 'B_206');
INSERT INTO CAMERA VALUES(7323821124, 221, 'B_300');
INSERT INTO CAMERA VALUES(7323821124, 222, 'B_301');
INSERT INTO CAMERA VALUES(7323821124, 223, 'B_302');
INSERT INTO CAMERA VALUES(7323821124, 224, 'B_303');
INSERT INTO CAMERA VALUES(7323821124, 225, 'B_304');
INSERT INTO CAMERA VALUES(7323821124, 226, 'B_305');
INSERT INTO CAMERA VALUES(7323821124, 227, 'B_306');
INSERT INTO CAMERA VALUES(7323821124, 228, 'B_400');
INSERT INTO CAMERA VALUES(7323821124, 229, 'B_401');
INSERT INTO CAMERA VALUES(7323821124, 230, 'B_402');
INSERT INTO CAMERA VALUES(7323821124, 231, 'B_403');
INSERT INTO CAMERA VALUES(7323821124, 232, 'B_404');
INSERT INTO CAMERA VALUES(7323821124, 233, 'B_405');
INSERT INTO CAMERA VALUES(7323821124, 234, 'B_406');

--CAMIN CORP C
INSERT INTO CAMERA VALUES(6432232911, 300, 'C_10');
INSERT INTO CAMERA VALUES(6432232911, 301, 'C_11');
INSERT INTO CAMERA VALUES(6432232911, 302, 'C_12');
INSERT INTO CAMERA VALUES(6432232911, 303, 'C_13');
INSERT INTO CAMERA VALUES(6432232911, 304, 'C_14');
INSERT INTO CAMERA VALUES(6432232911, 305, 'C_15');
INSERT INTO CAMERA VALUES(6432232911, 306, 'C_16');
INSERT INTO CAMERA VALUES(6432232911, 307, 'C_100');
INSERT INTO CAMERA VALUES(6432232911, 308, 'C_101');
INSERT INTO CAMERA VALUES(6432232911, 309, 'C_102');
INSERT INTO CAMERA VALUES(6432232911, 310, 'C_103');
INSERT INTO CAMERA VALUES(6432232911, 311, 'C_104');
INSERT INTO CAMERA VALUES(6432232911, 312, 'C_105');
INSERT INTO CAMERA VALUES(6432232911, 313, 'C_106');
INSERT INTO CAMERA VALUES(6432232911, 314, 'C_200');
INSERT INTO CAMERA VALUES(6432232911, 315, 'C_201');
INSERT INTO CAMERA VALUES(6432232911, 316, 'C_202');
INSERT INTO CAMERA VALUES(6432232911, 317, 'C_203');
INSERT INTO CAMERA VALUES(6432232911, 318, 'C_204');
INSERT INTO CAMERA VALUES(6432232911, 319, 'C_205');
INSERT INTO CAMERA VALUES(6432232911, 320, 'C_206');
INSERT INTO CAMERA VALUES(6432232911, 321, 'C_300');
INSERT INTO CAMERA VALUES(6432232911, 322, 'C_301');
INSERT INTO CAMERA VALUES(6432232911, 323, 'C_302');
INSERT INTO CAMERA VALUES(6432232911, 324, 'C_303');
INSERT INTO CAMERA VALUES(6432232911, 325, 'C_304');
INSERT INTO CAMERA VALUES(6432232911, 326, 'C_305');
INSERT INTO CAMERA VALUES(6432232911, 327, 'C_306');
INSERT INTO CAMERA VALUES(6432232911, 328, 'C_400');
INSERT INTO CAMERA VALUES(6432232911, 329, 'C_401');
INSERT INTO CAMERA VALUES(6432232911, 330, 'C_402');
INSERT INTO CAMERA VALUES(6432232911, 331, 'C_403');
INSERT INTO CAMERA VALUES(6432232911, 332, 'C_404');
INSERT INTO CAMERA VALUES(6432232911, 333, 'C_405');
INSERT INTO CAMERA VALUES(6432232911, 334, 'C_406');

--CAMIN CORP D
INSERT INTO CAMERA VALUES(5674393928, 400, 'D_10');
INSERT INTO CAMERA VALUES(5674393928, 401, 'D_11');
INSERT INTO CAMERA VALUES(5674393928, 402, 'D_12');
INSERT INTO CAMERA VALUES(5674393928, 403, 'D_13');
INSERT INTO CAMERA VALUES(5674393928, 404, 'D_14');
INSERT INTO CAMERA VALUES(5674393928, 405, 'D_15');
INSERT INTO CAMERA VALUES(5674393928, 406, 'D_16');
INSERT INTO CAMERA VALUES(5674393928, 407, 'D_100');
INSERT INTO CAMERA VALUES(5674393928, 408, 'D_101');
INSERT INTO CAMERA VALUES(5674393928, 409, 'D_102');
INSERT INTO CAMERA VALUES(5674393928, 410, 'D_103');
INSERT INTO CAMERA VALUES(5674393928, 411, 'D_104');
INSERT INTO CAMERA VALUES(5674393928, 412, 'D_105');
INSERT INTO CAMERA VALUES(5674393928, 413, 'D_106');
INSERT INTO CAMERA VALUES(5674393928, 414, 'D_200');
INSERT INTO CAMERA VALUES(5674393928, 415, 'D_201');
INSERT INTO CAMERA VALUES(5674393928, 416, 'D_202');
INSERT INTO CAMERA VALUES(5674393928, 417, 'D_203');
INSERT INTO CAMERA VALUES(5674393928, 418, 'D_204');
INSERT INTO CAMERA VALUES(5674393928, 419, 'D_205');
INSERT INTO CAMERA VALUES(5674393928, 420, 'D_206');
INSERT INTO CAMERA VALUES(5674393928, 421, 'D_300');
INSERT INTO CAMERA VALUES(5674393928, 422, 'D_301');
INSERT INTO CAMERA VALUES(5674393928, 423, 'D_302');
INSERT INTO CAMERA VALUES(5674393928, 424, 'D_303');
INSERT INTO CAMERA VALUES(5674393928, 425, 'D_304');
INSERT INTO CAMERA VALUES(5674393928, 426, 'D_305');
INSERT INTO CAMERA VALUES(5674393928, 427, 'D_306');
INSERT INTO CAMERA VALUES(5674393928, 428, 'D_400');
INSERT INTO CAMERA VALUES(5674393928, 429, 'D_401');
INSERT INTO CAMERA VALUES(5674393928, 430, 'D_402');
INSERT INTO CAMERA VALUES(5674393928, 431, 'D_403');
INSERT INTO CAMERA VALUES(5674393928, 432, 'D_404');
INSERT INTO CAMERA VALUES(5674393928, 433, 'D_405');
INSERT INTO CAMERA VALUES(5674393928, 434, 'D_406');

--NUMARUL STANDARD DE STUDENTI REPARTIZATI PE CAMERE IMPUS DE CAMINE ESTE DE 5 STUDENTI PE FIECARE CAMERA IN PARTE;
CREATE TABLE OCUPANTI(
    NR_CAMERA VARCHAR2(20) NOT NULL, FOREIGN KEY (NR_CAMERA) REFERENCES CAMERA(NR_CAMERA),
    NR_OCUPANTI NUMBER(2,0) NOT NULL,
    PRIMARY KEY(NR_CAMERA)
);
--CAMERE CAMIN CORP A
INSERT INTO OCUPANTI VALUES('A_10', 5);
INSERT INTO OCUPANTI VALUES('A_11', 5);
INSERT INTO OCUPANTI VALUES('A_12', 5);
INSERT INTO OCUPANTI VALUES('A_13', 5);
INSERT INTO OCUPANTI VALUES('A_14', 5);
INSERT INTO OCUPANTI VALUES('A_15', 5);
INSERT INTO OCUPANTI VALUES('A_16', 5);
INSERT INTO OCUPANTI VALUES('A_100', 5);
INSERT INTO OCUPANTI VALUES('A_101', 5);
INSERT INTO OCUPANTI VALUES('A_102', 5);
INSERT INTO OCUPANTI VALUES('A_103', 5);
INSERT INTO OCUPANTI VALUES('A_104', 5);
INSERT INTO OCUPANTI VALUES('A_105', 5);
INSERT INTO OCUPANTI VALUES('A_106', 5);
INSERT INTO OCUPANTI VALUES('A_200', 5);
INSERT INTO OCUPANTI VALUES('A_201', 5);
INSERT INTO OCUPANTI VALUES('A_202', 5);
INSERT INTO OCUPANTI VALUES('A_203', 5);
INSERT INTO OCUPANTI VALUES('A_204', 5);
INSERT INTO OCUPANTI VALUES('A_205', 5);
INSERT INTO OCUPANTI VALUES('A_206', 5);
INSERT INTO OCUPANTI VALUES('A_300', 5);
INSERT INTO OCUPANTI VALUES('A_301', 5);
INSERT INTO OCUPANTI VALUES('A_302', 5);
INSERT INTO OCUPANTI VALUES('A_303', 5);
INSERT INTO OCUPANTI VALUES('A_304', 5);
INSERT INTO OCUPANTI VALUES('A_305', 5);
INSERT INTO OCUPANTI VALUES('A_306', 5);
INSERT INTO OCUPANTI VALUES('A_400', 5);
INSERT INTO OCUPANTI VALUES('A_401', 5);
INSERT INTO OCUPANTI VALUES('A_402', 5);
INSERT INTO OCUPANTI VALUES('A_403', 5);
INSERT INTO OCUPANTI VALUES('A_404', 5);
INSERT INTO OCUPANTI VALUES('A_405', 5);
INSERT INTO OCUPANTI VALUES('A_406', 5);

--CAMERA CAMIN CORP B
INSERT INTO OCUPANTI VALUES('B_10', 5);
INSERT INTO OCUPANTI VALUES('B_11', 5);
INSERT INTO OCUPANTI VALUES('B_12', 5);
INSERT INTO OCUPANTI VALUES('B_13', 5);
INSERT INTO OCUPANTI VALUES('B_14', 5);
INSERT INTO OCUPANTI VALUES('B_15', 5);
INSERT INTO OCUPANTI VALUES('B_16', 5);
INSERT INTO OCUPANTI VALUES('B_100', 5);
INSERT INTO OCUPANTI VALUES('B_101', 5);
INSERT INTO OCUPANTI VALUES('B_102', 5);
INSERT INTO OCUPANTI VALUES('B_103', 5);
INSERT INTO OCUPANTI VALUES('B_104', 5);
INSERT INTO OCUPANTI VALUES('B_105', 5);
INSERT INTO OCUPANTI VALUES('B_106', 5);
INSERT INTO OCUPANTI VALUES('B_200', 5);
INSERT INTO OCUPANTI VALUES('B_201', 5);
INSERT INTO OCUPANTI VALUES('B_202', 5);
INSERT INTO OCUPANTI VALUES('B_203', 5);
INSERT INTO OCUPANTI VALUES('B_204', 5);
INSERT INTO OCUPANTI VALUES('B_205', 5);
INSERT INTO OCUPANTI VALUES('B_206', 5);
INSERT INTO OCUPANTI VALUES('B_300', 5);
INSERT INTO OCUPANTI VALUES('B_301', 5);
INSERT INTO OCUPANTI VALUES('B_302', 5);
INSERT INTO OCUPANTI VALUES('B_303', 5);
INSERT INTO OCUPANTI VALUES('B_304', 5);
INSERT INTO OCUPANTI VALUES('B_305', 5);
INSERT INTO OCUPANTI VALUES('B_306', 5);
INSERT INTO OCUPANTI VALUES('B_400', 5);
INSERT INTO OCUPANTI VALUES('B_401', 5);
INSERT INTO OCUPANTI VALUES('B_402', 5);
INSERT INTO OCUPANTI VALUES('B_403', 5);
INSERT INTO OCUPANTI VALUES('B_404', 5);
INSERT INTO OCUPANTI VALUES('B_405', 5);
INSERT INTO OCUPANTI VALUES('B_406', 5);

--CAMERE CAMIN CORP C
INSERT INTO OCUPANTI VALUES('C_10', 5);
INSERT INTO OCUPANTI VALUES('C_11', 5);
INSERT INTO OCUPANTI VALUES('C_12', 5);
INSERT INTO OCUPANTI VALUES('C_13', 5);
INSERT INTO OCUPANTI VALUES('C_14', 5);
INSERT INTO OCUPANTI VALUES('C_15', 5);
INSERT INTO OCUPANTI VALUES('C_16', 5);
INSERT INTO OCUPANTI VALUES('C_100', 5);
INSERT INTO OCUPANTI VALUES('C_101', 5);
INSERT INTO OCUPANTI VALUES('C_102', 5);
INSERT INTO OCUPANTI VALUES('C_103', 5);
INSERT INTO OCUPANTI VALUES('C_104', 5);
INSERT INTO OCUPANTI VALUES('C_105', 5);
INSERT INTO OCUPANTI VALUES('C_106', 5);
INSERT INTO OCUPANTI VALUES('C_200', 5);
INSERT INTO OCUPANTI VALUES('C_201', 5);
INSERT INTO OCUPANTI VALUES('C_202', 5);
INSERT INTO OCUPANTI VALUES('C_203', 5);
INSERT INTO OCUPANTI VALUES('C_204', 5);
INSERT INTO OCUPANTI VALUES('C_205', 5);
INSERT INTO OCUPANTI VALUES('C_206', 5);
INSERT INTO OCUPANTI VALUES('C_300', 5);
INSERT INTO OCUPANTI VALUES('C_301', 5);
INSERT INTO OCUPANTI VALUES('C_302', 5);
INSERT INTO OCUPANTI VALUES('C_303', 5);
INSERT INTO OCUPANTI VALUES('C_304', 5);
INSERT INTO OCUPANTI VALUES('C_305', 5);
INSERT INTO OCUPANTI VALUES('C_306', 5);
INSERT INTO OCUPANTI VALUES('C_400', 5);
INSERT INTO OCUPANTI VALUES('C_401', 5);
INSERT INTO OCUPANTI VALUES('C_402', 5);
INSERT INTO OCUPANTI VALUES('C_403', 5);
INSERT INTO OCUPANTI VALUES('C_404', 5);
INSERT INTO OCUPANTI VALUES('C_405', 5);
INSERT INTO OCUPANTI VALUES('C_406', 5);

--CAMERE CAMIN CORP D
INSERT INTO OCUPANTI VALUES('D_10', 5);
INSERT INTO OCUPANTI VALUES('D_11', 5);
INSERT INTO OCUPANTI VALUES('D_12', 5);
INSERT INTO OCUPANTI VALUES('D_13', 5);
INSERT INTO OCUPANTI VALUES('D_14', 5);
INSERT INTO OCUPANTI VALUES('D_15', 5);
INSERT INTO OCUPANTI VALUES('D_16', 5);
INSERT INTO OCUPANTI VALUES('D_100', 5);
INSERT INTO OCUPANTI VALUES('D_101', 5);
INSERT INTO OCUPANTI VALUES('D_102', 5);
INSERT INTO OCUPANTI VALUES('D_103', 5);
INSERT INTO OCUPANTI VALUES('D_104', 5);
INSERT INTO OCUPANTI VALUES('D_105', 5);
INSERT INTO OCUPANTI VALUES('D_106', 5);
INSERT INTO OCUPANTI VALUES('D_200', 5);
INSERT INTO OCUPANTI VALUES('D_201', 5);
INSERT INTO OCUPANTI VALUES('D_202', 5);
INSERT INTO OCUPANTI VALUES('D_203', 5);
INSERT INTO OCUPANTI VALUES('D_204', 5);
INSERT INTO OCUPANTI VALUES('D_205', 5);
INSERT INTO OCUPANTI VALUES('D_206', 5);
INSERT INTO OCUPANTI VALUES('D_300', 5);
INSERT INTO OCUPANTI VALUES('D_301', 5);
INSERT INTO OCUPANTI VALUES('D_302', 5);
INSERT INTO OCUPANTI VALUES('D_303', 5);
INSERT INTO OCUPANTI VALUES('D_304', 5);
INSERT INTO OCUPANTI VALUES('D_305', 5);
INSERT INTO OCUPANTI VALUES('D_306', 5);
INSERT INTO OCUPANTI VALUES('D_400', 5);
INSERT INTO OCUPANTI VALUES('D_401', 5);
INSERT INTO OCUPANTI VALUES('D_402', 5);
INSERT INTO OCUPANTI VALUES('D_403', 5);
INSERT INTO OCUPANTI VALUES('D_404', 5);
INSERT INTO OCUPANTI VALUES('D_405', 5);
INSERT INTO OCUPANTI VALUES('D_406', 5);

--DIN CAUZA PANDEMIEI DOAR 20 DE STUDENTI S-AU CAZAT LA CAMINE, RESTUL OPTAND PENTRU METODA ONLINE DE PREDARE;
CREATE TABLE STUDENT(
    COD_STUDENT NUMBER(6,0) NOT NULL,
    NUME_STUDENT VARCHAR2(30) NOT NULL,
    PRENUME_STUDENT VARCHAR2(30) NOT NULL,
    SEX_STUDENT VARCHAR2(30),
    PRIMARY KEY(COD_STUDENT)
);
INSERT INTO STUDENT VALUES(145163, 'Popescu', 'Adrian', 'Masculin');
INSERT INTO STUDENT VALUES(114235, 'Enea', 'David', 'Masculin');
INSERT INTO STUDENT VALUES(121542, 'Papadopol', 'Elena', 'Feminin');
INSERT INTO STUDENT VALUES(167543, 'Margarit', 'Alexandra', 'Feminin');
INSERT INTO STUDENT VALUES(183822, 'Brujban', 'Nicoleta', 'Feminin');
INSERT INTO STUDENT VALUES(292408, 'Nistor', 'Robert', 'Masculin');
INSERT INTO STUDENT VALUES(293495, 'Panait', 'Bianca', 'Feminin');
INSERT INTO STUDENT VALUES(295948, 'Tipatescu', 'Anda', 'Feminin');
INSERT INTO STUDENT VALUES(274849, 'Lipan', 'Mariana', 'Feminin');
INSERT INTO STUDENT VALUES(243634, 'Diaconu', 'Daria', 'Feminin');
INSERT INTO STUDENT VALUES(367545, 'Pana', 'Mihai', 'Masculin');
INSERT INTO STUDENT VALUES(376565, 'Urea', 'Eusebiu', 'Masculin');
INSERT INTO STUDENT VALUES(311144, 'Gheorghe', 'Petru', 'Masculin');
INSERT INTO STUDENT VALUES(353221, 'Antonescu', 'Cosmin', 'Masculin');
INSERT INTO STUDENT VALUES(311464, 'Apostu', 'Flavia', 'Feminin');
INSERT INTO STUDENT VALUES(411293, 'Oprescu', 'Florian', 'Masculin');
INSERT INTO STUDENT VALUES(489291, 'Mihailescu', 'Cristian', 'Masculin');
INSERT INTO STUDENT VALUES(429191, 'Oarga', 'Andreea', 'Feminin');
INSERT INTO STUDENT VALUES(411932, 'Groza', 'Felicia', 'Feminin');
INSERT INTO STUDENT VALUES(472849, 'Sburlea', 'Sergiu', 'Masculin');

CREATE TABLE FACULTATE(
    COD_FACULTATE NUMBER(4,0) NOT NULL,
    NUME_FACULTATE VARCHAR2(60) NOT NULL,
    SECTIE_FACULTATE VARCHAR2(30) NOT NULL,
    COD_STUDENT NUMBER(6,0) NOT NULL,
    PRIMARY KEY (COD_FACULTATE),
    FOREIGN KEY (COD_STUDENT) REFERENCES STUDENT(COD_STUDENT)
);
INSERT INTO FACULTATE VALUES(1643, 'Facultatea de Matematica si Informatica', 'Sectia Informatica', 145163);
INSERT INTO FACULTATE VALUES(1323, 'Facultatea de Matematica si Informatica', 'Sectia Informatica', 114235);
INSERT INTO FACULTATE VALUES(1112, 'Facultatea de Matematica si Informatica', 'Sectia Informatica', 121542);
INSERT INTO FACULTATE VALUES(1543, 'Facultatea de Matematica si Informatica', 'Sectia Informatica', 167543);
INSERT INTO FACULTATE VALUES(1898, 'Facultatea de Matematica si Informatica', 'Sectia Informatica', 183822);
INSERT INTO FACULTATE VALUES(1750, 'Facultatea de Matematica si Informatica', 'Sectia Informatica', 292408);
INSERT INTO FACULTATE VALUES(1924, 'Facultatea de Matematica si Informatica', 'Sectia Informatica', 293495);
INSERT INTO FACULTATE VALUES(1332, 'Facultatea de Matematica si Informatica', 'Sectia Informatica', 295948);
INSERT INTO FACULTATE VALUES(1221, 'Facultatea de Matematica si Informatica', 'Sectia Informatica', 274849);
INSERT INTO FACULTATE VALUES(1555, 'Facultatea de Matematica si Informatica', 'Sectia Informatica', 243634);
INSERT INTO FACULTATE VALUES(2807, 'Facultatea de Matematica si Informatica', 'Sectia Matematica', 367545);
INSERT INTO FACULTATE VALUES(2643, 'Facultatea de Matematica si Informatica', 'Sectia Matematica', 376565);
INSERT INTO FACULTATE VALUES(2321, 'Facultatea de Matematica si Informatica', 'Sectia Matematica', 311144);
INSERT INTO FACULTATE VALUES(2156, 'Facultatea de Matematica si Informatica', 'Sectia Matematica', 353221);
INSERT INTO FACULTATE VALUES(2266, 'Facultatea de Matematica si Informatica', 'Sectia Matematica', 311464);
INSERT INTO FACULTATE VALUES(2438, 'Facultatea de Matematica si Informatica', 'Sectia Matematica', 411293);
INSERT INTO FACULTATE VALUES(2985, 'Facultatea de Matematica si Informatica', 'Sectia Matematica', 489291);
INSERT INTO FACULTATE VALUES(2010, 'Facultatea de Matematica si Informatica', 'Sectia Matematica', 429191);
INSERT INTO FACULTATE VALUES(2532, 'Facultatea de Matematica si Informatica', 'Sectia Matematica', 411932);
INSERT INTO FACULTATE VALUES(2731, 'Facultatea de Matematica si Informatica', 'Sectia Matematica', 472849);

CREATE TABLE CONTACT(
    COD_STUDENT NUMBER(6,0) NOT NULL, FOREIGN KEY (COD_STUDENT) REFERENCES STUDENT(COD_STUDENT),
    NR_TELEFON_STUDENT NUMBER(10,0),
    EMAIL_STUDENT VARCHAR2(30),
    ADRESA_STUDENT VARCHAR2(120),
    PRIMARY KEY(COD_STUDENT)
);
INSERT INTO CONTACT VALUES(145163, 0740338128, 'pop_adrian@gmail.com', 'Strada Moinestilor nr. 42, municipiul Targoviste, judet Dambovita, Romania');
INSERT INTO CONTACT VALUES(114235, 0737858711, 'david2k2@yahoo.com', 'Strada Iazului nr. 31-33, bloc 2, scara D, municipiul Iasi, judet Iasi, Romania');
INSERT INTO CONTACT VALUES(121542, 0722543653, 'helen.ppdpl@yahoo.com', 'Aleea Altarului nr. 12-15, bloc 1, scara F, oras Dumbraveni, judet Sibiu, Romania');
INSERT INTO CONTACT VALUES(167543, 0723694922, 'a_alexandra2435.m@gmail.com', 'Strada Armanilor nr. 56, bloc 3, scara A, municipiul Bucuresti, judet Ilfov, Romania');
INSERT INTO CONTACT VALUES(183822, 0738495988, 'nico.b4@yahoo.com', 'Bulevardul Regina Elisabeta nr. 45-47, bloc 1, scara A, municipiul Ploiesti, judet Prahova, Romania');
INSERT INTO CONTACT VALUES(292408, 0776534233, 'roby.roberto@yahoo.com', 'Intrarea Ielelor nr. 27, municipiul Buzau, judet Buzau, Romania');
INSERT INTO CONTACT VALUES(293495, 0785442321, 'bee.anca16799@gmail.com', 'Strada Batistei nr. 21-23, bloc 2, scara C, oras Turceni, judet Gorj, Romania');
INSERT INTO CONTACT VALUES(295948, 0722494988, 'anda.tipatescu@yahoo.com', 'Intrarea Padurii nr. 6, comuna Mogosoaia, judet Ilfov, Romania');
INSERT INTO CONTACT VALUES(274849, 0766662156, 'gray.mary@gmail.com', 'Strada Berechet nr. 36-39, bloc 4, scara B, municipiul Brasov, judet Brasov, Romania');
INSERT INTO CONTACT VALUES(243634, 0764532121, 'daria.doubled@gmail.com', 'Strada Fabrica de paine nr. 33, oras Breaza, judet Prahova, Romania');
INSERT INTO CONTACT VALUES(367545, 0777143422, 'mishu.pm@yahoo.com', 'Strada Soarelui nr. 6-8, bloc 1, scara B, municipiul Ploiesti, judet Prahova, Romania');
INSERT INTO CONTACT VALUES(376565, 0763666311, 'seby.urea@yahoo.com', 'Aleea Apusului nr. 20-24, bloc 4, scara A, oras Bucecea, judet Botosani, Romania');
INSERT INTO CONTACT VALUES(311144, 0724367731, 'go4peter.gh@yahoo.com', 'Bulevardul Natiunilor Unite nr. 67-69, bloc 1, scara F, oras Campina, judet Prahova, Romania');
INSERT INTO CONTACT VALUES(353221, 0723443555, 'cozzy.cozzman@gmail.com', 'Strada Zimbrului nr. 3, comuna Poarta Alba, judet Constanta, Romania');
INSERT INTO CONTACT VALUES(311464, 0736433321, 'flavia.a5898@yahoo.com', 'Strada Ion Creanga nr. 16-18, bloc 1, scara D, oras Dorohoi, judet Botosani, Romania');
INSERT INTO CONTACT VALUES(411293, 0736554678, 'flo.rhythm369@gmail.com', 'Intrarea Ion Luca Caragiale nr. 12-14, bloc 3, scara C, oras Jimbolia, judet Timis, Romania');
INSERT INTO CONTACT VALUES(489291, 0722442355, 'chris.m5768@yahoo.com', 'Strada Oaches nr. 33, municipiul Miercurea Ciuc, judet Harghita, Romania');
INSERT INTO CONTACT VALUES(429191, 0723456447, 'deea.andreeao@gmail.com', 'Bulevardul Ion Antonescu nr. 51-53, bloc 4, scara B, municipiul Oradea, judet Bihor, Romania');
INSERT INTO CONTACT VALUES(411932, 0764364367, 'felicity.g3536@yahoo.com', 'Strada Depoului nr. 13, comuna Islaz, judet Teleorman, Romania');
INSERT INTO CONTACT VALUES(472849, 0765473236, 'serj.sergiu@yahoo.com', 'Strada Intorsura Buzaului nr. 7-9, bloc 1, scara D, municipiul Pitesti, judet Arges, Romania');

--DIN CAUZA PANDEMIEI, CEI 20 DE STUDENTII CARE SUNT CAZATI LA CAMINE VOR FI REPARTIZATI CATE UNUL INTR-O CAMERA SI CATE UNUL PE ETAJ;
CREATE TABLE STUDENT_REPARTIZAT_IN(
    NR_CAMERA VARCHAR2(20) NOT NULL, FOREIGN KEY (NR_CAMERA) REFERENCES CAMERA(NR_CAMERA),
    COD_STUDENT NUMBER(6,0) NOT NULL, FOREIGN KEY (COD_STUDENT) REFERENCES STUDENT(COD_STUDENT),
    PRIMARY KEY(NR_CAMERA)
);
--STUDENTI REPARTIZATI IN CAMERE CAMIN CORP A
INSERT INTO STUDENT_REPARTIZAT_IN VALUES('A_12', 145163);
INSERT INTO STUDENT_REPARTIZAT_IN VALUES('A_102', 114235);
INSERT INTO STUDENT_REPARTIZAT_IN VALUES('A_202', 121542);
INSERT INTO STUDENT_REPARTIZAT_IN VALUES('A_302', 167543);
INSERT INTO STUDENT_REPARTIZAT_IN VALUES('A_402', 183822);

--STUDENTI REPARTIZATI IN CAMERE CAMIN CORP B
INSERT INTO STUDENT_REPARTIZAT_IN VALUES('B_12', 292408);
INSERT INTO STUDENT_REPARTIZAT_IN VALUES('B_102', 293495);
INSERT INTO STUDENT_REPARTIZAT_IN VALUES('B_202', 295948);
INSERT INTO STUDENT_REPARTIZAT_IN VALUES('B_302', 274849);
INSERT INTO STUDENT_REPARTIZAT_IN VALUES('B_402', 243634);

--STUDENTI REPARTIZATI IN CAMERE CAMIN CORP C
INSERT INTO STUDENT_REPARTIZAT_IN VALUES('C_12', 367545);
INSERT INTO STUDENT_REPARTIZAT_IN VALUES('C_102', 376565);
INSERT INTO STUDENT_REPARTIZAT_IN VALUES('C_202', 311144);
INSERT INTO STUDENT_REPARTIZAT_IN VALUES('C_302', 353221);
INSERT INTO STUDENT_REPARTIZAT_IN VALUES('C_402', 311464);

--STUDENTI REPARTIZATI IN CAMERE CAMIN CORP D
INSERT INTO STUDENT_REPARTIZAT_IN VALUES('D_12', 411293);
INSERT INTO STUDENT_REPARTIZAT_IN VALUES('D_102', 489291);
INSERT INTO STUDENT_REPARTIZAT_IN VALUES('D_202', 429191);
INSERT INTO STUDENT_REPARTIZAT_IN VALUES('D_302', 411932);
INSERT INTO STUDENT_REPARTIZAT_IN VALUES('D_402', 472849);

--DIN CAUZA PANDEMIEI, CEI 20 DE STUDENTI AU FOST CAZATI CATE 5 PE FIECARE CORP DE CAMIN;
CREATE TABLE STUDENT_CAZAT_LA(
    COD_CAMIN NUMBER(10,0) NOT NULL, FOREIGN KEY (COD_CAMIN) REFERENCES CAMIN(COD_CAMIN),
    COD_STUDENT NUMBER(6,0) NOT NULL, FOREIGN KEY (COD_STUDENT) REFERENCES STUDENT(COD_STUDENT),
    PRIMARY KEY(COD_CAMIN, COD_STUDENT)
);
--STUDENTI CAZATI LA CAMIN CORP A
INSERT INTO STUDENT_CAZAT_LA VALUES(6488329691, 145163);
INSERT INTO STUDENT_CAZAT_LA VALUES(6488329691, 114235);
INSERT INTO STUDENT_CAZAT_LA VALUES(6488329691, 121542);
INSERT INTO STUDENT_CAZAT_LA VALUES(6488329691, 167543);
INSERT INTO STUDENT_CAZAT_LA VALUES(6488329691, 183822);

--STUDENTI CAZATI LA CAMIN CORP B
INSERT INTO STUDENT_CAZAT_LA VALUES(7323821124, 292408);
INSERT INTO STUDENT_CAZAT_LA VALUES(7323821124, 293495);
INSERT INTO STUDENT_CAZAT_LA VALUES(7323821124, 295948);
INSERT INTO STUDENT_CAZAT_LA VALUES(7323821124, 274849);
INSERT INTO STUDENT_CAZAT_LA VALUES(7323821124, 243634);

--STUDENTI CAZATI LA CAMIN CORP C
INSERT INTO STUDENT_CAZAT_LA VALUES(6432232911, 367545);
INSERT INTO STUDENT_CAZAT_LA VALUES(6432232911, 376565);
INSERT INTO STUDENT_CAZAT_LA VALUES(6432232911, 311144);
INSERT INTO STUDENT_CAZAT_LA VALUES(6432232911, 353221);
INSERT INTO STUDENT_CAZAT_LA VALUES(6432232911, 311464);

--STUDENTI CAZATI LA CAMIN CORP D
INSERT INTO STUDENT_CAZAT_LA VALUES(5674393928, 411293);
INSERT INTO STUDENT_CAZAT_LA VALUES(5674393928, 489291);
INSERT INTO STUDENT_CAZAT_LA VALUES(5674393928, 429191);
INSERT INTO STUDENT_CAZAT_LA VALUES(5674393928, 411932);
INSERT INTO STUDENT_CAZAT_LA VALUES(5674393928, 472849);

CREATE TABLE JURNAL_STUDENT(
    COD_STUDENT NUMBER(6,0) NOT NULL, FOREIGN KEY (COD_STUDENT) REFERENCES STUDENT(COD_STUDENT),
    DATA_CAZARII DATE,
    DATA_DECAZARII DATE,
    STAREA_CAMEREI_PRIMIRE VARCHAR2(30),
    STAREA_CAMEREI_PLECARE VARCHAR2(30),
    ABATERI_REGULAMENT VARCHAR2(30),
    PRIMARY KEY(COD_STUDENT)
);
INSERT INTO JURNAL_STUDENT VALUES(145163, date '2020-09-28', date '2021-06-27', 'Stare buna', 'Stare buna', 'Nicio abatere');
INSERT INTO JURNAL_STUDENT VALUES(114235, date '2020-10-01', date '2021-07-01', 'Stare buna', 'Stare buna', 'Nicio abatere');
INSERT INTO JURNAL_STUDENT VALUES(121542, date '2020-10-02', date '2021-07-01', 'Stare buna', 'Stare buna', 'Nicio abatere');
INSERT INTO JURNAL_STUDENT VALUES(167543, date '2020-09-28', date '2021-06-30', 'Stare buna', 'Stare buna', 'Nicio abatere');
INSERT INTO JURNAL_STUDENT VALUES(183822, date '2020-10-05', date '2021-06-29', 'Stare buna', 'Stare buna', 'Nicio abatere');
INSERT INTO JURNAL_STUDENT VALUES(292408, date '2020-10-01', date '2021-07-02', 'Stare buna', 'Stare buna', 'Nicio abatere');
INSERT INTO JURNAL_STUDENT VALUES(293495, date '2020-09-28', date '2021-06-27', 'Stare buna', 'Stare proasta', 'Exista abateri');
INSERT INTO JURNAL_STUDENT VALUES(295948, date '2020-10-02', date '2021-07-01', 'Stare buna', 'Stare buna', 'Nicio abatere');
INSERT INTO JURNAL_STUDENT VALUES(274849, date '2020-10-03', date '2021-07-03', 'Stare buna', 'Stare proasta', 'Nicio abatere');
INSERT INTO JURNAL_STUDENT VALUES(243634, date '2020-10-01', date '2021-07-02', 'Stare buna', 'Stare buna', 'Nicio abatere');
INSERT INTO JURNAL_STUDENT VALUES(367545, date '2020-10-02', date '2021-07-01', 'Stare buna', 'Stare proasta', 'Exista abateri');
INSERT INTO JURNAL_STUDENT VALUES(376565, date '2020-09-28', date '2021-06-30', 'Stare buna', 'Stare proasta', 'Nicio abatere');
INSERT INTO JURNAL_STUDENT VALUES(311144, date '2020-10-01', date '2021-07-02', 'Stare buna', 'Stare buna', 'Nicio abatere');
INSERT INTO JURNAL_STUDENT VALUES(353221, date '2020-10-03', date '2021-07-03', 'Stare buna', 'Stare buna', 'Nicio abatere');
INSERT INTO JURNAL_STUDENT VALUES(311464, date '2020-09-28', date '2021-06-27', 'Stare buna', 'Stare buna', 'Nicio abatere');
INSERT INTO JURNAL_STUDENT VALUES(411293, date '2020-09-29', date '2021-06-29', 'Stare buna', 'Stare buna', 'Nicio abatere');
INSERT INTO JURNAL_STUDENT VALUES(489291, date '2020-10-03', date '2021-07-03', 'Stare buna', 'Stare buna', 'Exista abateri');
INSERT INTO JURNAL_STUDENT VALUES(429191, date '2020-10-01', date '2021-07-03', 'Stare buna', 'Stare buna', 'Nicio abatere');
INSERT INTO JURNAL_STUDENT VALUES(411932, date '2020-10-01', date '2021-07-02', 'Stare buna', 'Stare proasta', 'Exista abateri');
INSERT INTO JURNAL_STUDENT VALUES(472849, date '2020-10-03', date '2021-07-03', 'Stare buna', 'Stare buna', 'Nicio abatere');

CREATE TABLE TAXA(
    NR_TRANZACTIE NUMBER(20,0) NOT NULL PRIMARY KEY,
    MODALITATE_PLATA VARCHAR2(30)
);
INSERT INTO TAXA VALUES(12943909488128292112, 'Numerar');
INSERT INTO TAXA VALUES(83290932809189289041, 'Cu cardul');
INSERT INTO TAXA VALUES(78231907421907901112, 'Cu cardul');
INSERT INTO TAXA VALUES(53289028917717177124, 'Numerar');
INSERT INTO TAXA VALUES(23456796735657874446, 'Numerar');
INSERT INTO TAXA VALUES(97458795435698888544, 'Numerar');
INSERT INTO TAXA VALUES(27578956356442178685, 'Numerar');
INSERT INTO TAXA VALUES(57845677345467856224, 'Cu cardul');
INSERT INTO TAXA VALUES(32456356789755436633, 'Cu cardul');
INSERT INTO TAXA VALUES(20948903590786756467, 'Cu cardul');
INSERT INTO TAXA VALUES(68067453225677897589, 'Numerar');
INSERT INTO TAXA VALUES(78906785674532334668, 'Cu cardul');
INSERT INTO TAXA VALUES(68956784335678458996, 'Cu cardul');
INSERT INTO TAXA VALUES(12110193100217248979, 'Numerar');
INSERT INTO TAXA VALUES(11137891278288247893, 'Cu cardul');
INSERT INTO TAXA VALUES(57894562345987844257, 'Numerar');
INSERT INTO TAXA VALUES(44687789533621333134, 'Numerar');
INSERT INTO TAXA VALUES(60965635553562452577, 'Cu cardul');
INSERT INTO TAXA VALUES(82901472819676662746, 'Numerar');
INSERT INTO TAXA VALUES(57682396856723775557, 'Cu cardul');

CREATE TABLE CHITANTA(
    NR_TRANZACTIE NUMBER(20,0) NOT NULL, FOREIGN KEY (NR_TRANZACTIE) REFERENCES TAXA(NR_TRANZACTIE),
    DATA_PLATII DATE,
    CONSTRAINT TRANZACTIE_UNIQUE UNIQUE (NR_TRANZACTIE)
);
INSERT INTO CHITANTA VALUES(12943909488128292112, date '2020-12-01');
INSERT INTO CHITANTA VALUES(83290932809189289041, date '2020-11-26');
INSERT INTO CHITANTA VALUES(78231907421907901112, date '2020-11-13');
INSERT INTO CHITANTA VALUES(53289028917717177124, date '2020-11-30');
INSERT INTO CHITANTA VALUES(23456796735657874446, date '2020-12-02');
INSERT INTO CHITANTA VALUES(97458795435698888544, date '2020-12-12');
INSERT INTO CHITANTA VALUES(27578956356442178685, date '2020-11-25');
INSERT INTO CHITANTA VALUES(57845677345467856224, date '2020-11-14');
INSERT INTO CHITANTA VALUES(32456356789755436633, date '2020-12-04');
INSERT INTO CHITANTA VALUES(20948903590786756467, date '2020-11-28');
INSERT INTO CHITANTA VALUES(68067453225677897589, date '2020-11-20');
INSERT INTO CHITANTA VALUES(78906785674532334668, date '2020-11-26');
INSERT INTO CHITANTA VALUES(68956784335678458996, date '2020-12-06');
INSERT INTO CHITANTA VALUES(12110193100217248979, date '2020-11-15');
INSERT INTO CHITANTA VALUES(11137891278288247893, date '2020-12-05');
INSERT INTO CHITANTA VALUES(57894562345987844257, date '2020-11-18');
INSERT INTO CHITANTA VALUES(44687789533621333134, date '2020-12-01');
INSERT INTO CHITANTA VALUES(60965635553562452577, date '2020-11-19');
INSERT INTO CHITANTA VALUES(82901472819676662746, date '2020-11-24');
INSERT INTO CHITANTA VALUES(57682396856723775557, date '2020-12-02');

CREATE TABLE SALARIAT(
    COD_SALARIAT NUMBER(6,0) NOT NULL PRIMARY KEY,
    SALARIU_RON NUMBER(10,0),
    SEX_SALARIAT VARCHAR2(30)
);
--ADMINISTRATORI
INSERT INTO SALARIAT VALUES(145176, 6000, 'Masculin');
INSERT INTO SALARIAT VALUES(100578, 6000, 'Masculin');
INSERT INTO SALARIAT VALUES(117643, 6000, 'Feminin');
INSERT INTO SALARIAT VALUES(198042, 6000, 'Feminin');

--BUCATARI
INSERT INTO SALARIAT VALUES(253267, 4000, 'Masculin');
INSERT INTO SALARIAT VALUES(265347, 4000, 'Feminin');
INSERT INTO SALARIAT VALUES(277788, 4000, 'Feminin');
INSERT INTO SALARIAT VALUES(213193, 4000, 'Masculin');
INSERT INTO SALARIAT VALUES(204893, 4000, 'Feminin');
INSERT INTO SALARIAT VALUES(211032, 4000, 'Feminin');
INSERT INTO SALARIAT VALUES(290021, 4000, 'Masculin');
INSERT INTO SALARIAT VALUES(219266, 4000, 'Feminin');
INSERT INTO SALARIAT VALUES(265009, 4000, 'Feminin');
INSERT INTO SALARIAT VALUES(233904, 4000, 'Masculin');
INSERT INTO SALARIAT VALUES(222901, 4000, 'Feminin');
INSERT INTO SALARIAT VALUES(284038, 4000, 'Feminin');

--VANZATOARE
INSERT INTO SALARIAT VALUES(389568, 3500, 'Feminin');
INSERT INTO SALARIAT VALUES(328988, 3500, 'Feminin');
INSERT INTO SALARIAT VALUES(311934, 3500, 'Feminin');
INSERT INTO SALARIAT VALUES(388578, 3500, 'Feminin');
INSERT INTO SALARIAT VALUES(341821, 3500, 'Feminin');
INSERT INTO SALARIAT VALUES(385332, 3500, 'Feminin');
INSERT INTO SALARIAT VALUES(395732, 3500, 'Feminin');
INSERT INTO SALARIAT VALUES(300423, 3500, 'Feminin');
INSERT INTO SALARIAT VALUES(342305, 3500, 'Feminin');
INSERT INTO SALARIAT VALUES(374932, 3500, 'Feminin');
INSERT INTO SALARIAT VALUES(390343, 3500, 'Feminin');
INSERT INTO SALARIAT VALUES(303214, 3500, 'Feminin');

--INGRIJITOARE
INSERT INTO SALARIAT VALUES(472726, 3500, 'Feminin');
INSERT INTO SALARIAT VALUES(437636, 3500, 'Feminin');
INSERT INTO SALARIAT VALUES(411242, 3500, 'Feminin');
INSERT INTO SALARIAT VALUES(442224, 3500, 'Feminin');
INSERT INTO SALARIAT VALUES(466733, 3500, 'Feminin');
INSERT INTO SALARIAT VALUES(499272, 3500, 'Feminin');
INSERT INTO SALARIAT VALUES(493003, 3500, 'Feminin');
INSERT INTO SALARIAT VALUES(424425, 3500, 'Feminin');
INSERT INTO SALARIAT VALUES(457846, 3500, 'Feminin');
INSERT INTO SALARIAT VALUES(489544, 3500, 'Feminin');
INSERT INTO SALARIAT VALUES(433322, 3500, 'Feminin');
INSERT INTO SALARIAT VALUES(488857, 3500, 'Feminin');

--PAZNICI
INSERT INTO SALARIAT VALUES(589622, 4500, 'Masculin');
INSERT INTO SALARIAT VALUES(511195, 4500, 'Masculin');
INSERT INTO SALARIAT VALUES(559384, 4500, 'Masculin');
INSERT INTO SALARIAT VALUES(519327, 4500, 'Masculin');
INSERT INTO SALARIAT VALUES(525933, 4500, 'Masculin');
INSERT INTO SALARIAT VALUES(548775, 4500, 'Masculin');
INSERT INTO SALARIAT VALUES(566943, 4500, 'Masculin');
INSERT INTO SALARIAT VALUES(505884, 4500, 'Masculin');

--ASISTENTA MEDICALA
INSERT INTO SALARIAT VALUES(627482, 6000, 'Feminin');
INSERT INTO SALARIAT VALUES(699704, 6000, 'Feminin');
INSERT INTO SALARIAT VALUES(611455, 6000, 'Feminin');
INSERT INTO SALARIAT VALUES(670773, 6000, 'Feminin');

CREATE TABLE CAMIN_DETINE_SALARIAT(
    COD_CAMIN NUMBER(10,0) NOT NULL, FOREIGN KEY (COD_CAMIN) REFERENCES CAMIN(COD_CAMIN),
    COD_SALARIAT NUMBER(6,0) NOT NULL, FOREIGN KEY (COD_SALARIAT) REFERENCES SALARIAT(COD_SALARIAT),
    PRIMARY KEY (COD_CAMIN, COD_SALARIAT)
);
-- SALARIATI CAMIN CORP A
INSERT INTO CAMIN_DETINE_SALARIAT VALUES(6488329691, 145176);
INSERT INTO CAMIN_DETINE_SALARIAT VALUES(6488329691, 253267);
INSERT INTO CAMIN_DETINE_SALARIAT VALUES(6488329691, 265347);
INSERT INTO CAMIN_DETINE_SALARIAT VALUES(6488329691, 277788);
INSERT INTO CAMIN_DETINE_SALARIAT VALUES(6488329691, 389568);
INSERT INTO CAMIN_DETINE_SALARIAT VALUES(6488329691, 328988);
INSERT INTO CAMIN_DETINE_SALARIAT VALUES(6488329691, 311934);
INSERT INTO CAMIN_DETINE_SALARIAT VALUES(6488329691, 472726);
INSERT INTO CAMIN_DETINE_SALARIAT VALUES(6488329691, 437636);
INSERT INTO CAMIN_DETINE_SALARIAT VALUES(6488329691, 411242);
INSERT INTO CAMIN_DETINE_SALARIAT VALUES(6488329691, 589622);
INSERT INTO CAMIN_DETINE_SALARIAT VALUES(6488329691, 511195);
INSERT INTO CAMIN_DETINE_SALARIAT VALUES(6488329691, 627482);

-- SALARIATI CAMIN CORP B
INSERT INTO CAMIN_DETINE_SALARIAT VALUES(7323821124, 100578);
INSERT INTO CAMIN_DETINE_SALARIAT VALUES(7323821124, 213193);
INSERT INTO CAMIN_DETINE_SALARIAT VALUES(7323821124, 204893);
INSERT INTO CAMIN_DETINE_SALARIAT VALUES(7323821124, 211032);
INSERT INTO CAMIN_DETINE_SALARIAT VALUES(7323821124, 388578);
INSERT INTO CAMIN_DETINE_SALARIAT VALUES(7323821124, 341821);
INSERT INTO CAMIN_DETINE_SALARIAT VALUES(7323821124, 385332);
INSERT INTO CAMIN_DETINE_SALARIAT VALUES(7323821124, 442224);
INSERT INTO CAMIN_DETINE_SALARIAT VALUES(7323821124, 466733);
INSERT INTO CAMIN_DETINE_SALARIAT VALUES(7323821124, 499272);
INSERT INTO CAMIN_DETINE_SALARIAT VALUES(7323821124, 559384);
INSERT INTO CAMIN_DETINE_SALARIAT VALUES(7323821124, 519327);
INSERT INTO CAMIN_DETINE_SALARIAT VALUES(7323821124, 699704);

-- SALARIATI CAMIN CORP C
INSERT INTO CAMIN_DETINE_SALARIAT VALUES(6432232911, 117643);
INSERT INTO CAMIN_DETINE_SALARIAT VALUES(6432232911, 290021);
INSERT INTO CAMIN_DETINE_SALARIAT VALUES(6432232911, 219266);
INSERT INTO CAMIN_DETINE_SALARIAT VALUES(6432232911, 265009);
INSERT INTO CAMIN_DETINE_SALARIAT VALUES(6432232911, 395732);
INSERT INTO CAMIN_DETINE_SALARIAT VALUES(6432232911, 300423);
INSERT INTO CAMIN_DETINE_SALARIAT VALUES(6432232911, 342305);
INSERT INTO CAMIN_DETINE_SALARIAT VALUES(6432232911, 493003);
INSERT INTO CAMIN_DETINE_SALARIAT VALUES(6432232911, 424425);
INSERT INTO CAMIN_DETINE_SALARIAT VALUES(6432232911, 457846);
INSERT INTO CAMIN_DETINE_SALARIAT VALUES(6432232911, 525933);
INSERT INTO CAMIN_DETINE_SALARIAT VALUES(6432232911, 548775);
INSERT INTO CAMIN_DETINE_SALARIAT VALUES(6432232911, 611455);

-- SALARIATI CAMIN CORP D
INSERT INTO CAMIN_DETINE_SALARIAT VALUES(5674393928, 198042);
INSERT INTO CAMIN_DETINE_SALARIAT VALUES(5674393928, 233904);
INSERT INTO CAMIN_DETINE_SALARIAT VALUES(5674393928, 222901);
INSERT INTO CAMIN_DETINE_SALARIAT VALUES(5674393928, 284038);
INSERT INTO CAMIN_DETINE_SALARIAT VALUES(5674393928, 374932);
INSERT INTO CAMIN_DETINE_SALARIAT VALUES(5674393928, 390343);
INSERT INTO CAMIN_DETINE_SALARIAT VALUES(5674393928, 303214);
INSERT INTO CAMIN_DETINE_SALARIAT VALUES(5674393928, 489544);
INSERT INTO CAMIN_DETINE_SALARIAT VALUES(5674393928, 433322);
INSERT INTO CAMIN_DETINE_SALARIAT VALUES(5674393928, 488857);
INSERT INTO CAMIN_DETINE_SALARIAT VALUES(5674393928, 566943);
INSERT INTO CAMIN_DETINE_SALARIAT VALUES(5674393928, 505884);
INSERT INTO CAMIN_DETINE_SALARIAT VALUES(5674393928, 670773);

CREATE TABLE ADMINISTRATOR(
    COD_SALARIAT NUMBER(6,0) NOT NULL, FOREIGN KEY (COD_SALARIAT) REFERENCES SALARIAT(COD_SALARIAT),
    NUME_SALARIAT VARCHAR2(30) NOT NULL,
    PRENUME_SALARIAT VARCHAR2(30) NOT NULL,
    PRIMARY KEY (COD_SALARIAT)
);
INSERT INTO ADMINISTRATOR VALUES(145176, 'Iordachescu', 'Valentin');
INSERT INTO ADMINISTRATOR VALUES(100578, 'Popeanga', 'Emil');
INSERT INTO ADMINISTRATOR VALUES(117643, 'Manea', 'Rodica');
INSERT INTO ADMINISTRATOR VALUES(198042, 'Neacsu', 'Daniela');

CREATE TABLE BUCATAR(
    COD_SALARIAT NUMBER(6,0) NOT NULL, FOREIGN KEY (COD_SALARIAT) REFERENCES SALARIAT(COD_SALARIAT),
    NUME_SALARIAT VARCHAR2(30) NOT NULL,
    PRENUME_SALARIAT VARCHAR2(30) NOT NULL,
    PRIMARY KEY (COD_SALARIAT)
);
INSERT INTO BUCATAR VALUES(253267, 'Popescu', 'Grigore');
INSERT INTO BUCATAR VALUES(265347, 'Ioachim', 'Ana');
INSERT INTO BUCATAR VALUES(277788, 'Ipatescu', 'Ruxandra');
INSERT INTO BUCATAR VALUES(213193, 'Toma', 'Iulian');
INSERT INTO BUCATAR VALUES(204893, 'Ciudoescu', 'Ruxandra');
INSERT INTO BUCATAR VALUES(211032, 'Manescu', 'Iulia');
INSERT INTO BUCATAR VALUES(290021, 'Arnautu', 'Alin');
INSERT INTO BUCATAR VALUES(219266, 'Chirila', 'Silvia');
INSERT INTO BUCATAR VALUES(265009, 'Danciu', 'Cosmina');
INSERT INTO BUCATAR VALUES(233904, 'Firea', 'Anton');
INSERT INTO BUCATAR VALUES(222901, 'Popescu', 'Izabela');
INSERT INTO BUCATAR VALUES(284038, 'Lupea', 'Antonia');

CREATE TABLE VANZATOARE(
    COD_SALARIAT NUMBER(6,0) NOT NULL, FOREIGN KEY (COD_SALARIAT) REFERENCES SALARIAT(COD_SALARIAT),
    NUME_SALARIAT VARCHAR2(30) NOT NULL,
    PRENUME_SALARIAT VARCHAR2(30) NOT NULL,
    PRIMARY KEY (COD_SALARIAT)
);
INSERT INTO VANZATOARE VALUES(389568, 'Grama', 'Diana');
INSERT INTO VANZATOARE VALUES(328988, 'Tudor', 'Roxana');
INSERT INTO VANZATOARE VALUES(311934, 'Ghitun', 'Florina');
INSERT INTO VANZATOARE VALUES(388578, 'Nitescu', 'Simina');
INSERT INTO VANZATOARE VALUES(341821, 'Capataiu', 'Andreea');
INSERT INTO VANZATOARE VALUES(385332, 'Sevastopol', 'Violeta');
INSERT INTO VANZATOARE VALUES(395732, 'Ion', 'Zenaida');
INSERT INTO VANZATOARE VALUES(300423, 'Raducu', 'Alexandra');
INSERT INTO VANZATOARE VALUES(342305, 'Panait', 'Antonia');
INSERT INTO VANZATOARE VALUES(374932, 'Gaman', 'Julieta');
INSERT INTO VANZATOARE VALUES(390343, 'Lintea', 'Maria');
INSERT INTO VANZATOARE VALUES(303214, 'Marinescu', 'Luiza');

CREATE TABLE INGRIJITOARE(
    COD_SALARIAT NUMBER(6,0) NOT NULL, FOREIGN KEY (COD_SALARIAT) REFERENCES SALARIAT(COD_SALARIAT),
    NUME_SALARIAT VARCHAR2(30) NOT NULL,
    PRENUME_SALARIAT VARCHAR2(30) NOT NULL,
    PRIMARY KEY (COD_SALARIAT)
);
INSERT INTO INGRIJITOARE VALUES(472726, 'Georgescu', 'Diana');
INSERT INTO INGRIJITOARE VALUES(437636, 'Mitocaru', 'Roxana');
INSERT INTO INGRIJITOARE VALUES(411242, 'Militaru', 'Florina');
INSERT INTO INGRIJITOARE VALUES(442224, 'Popescu', 'Smaranda');
INSERT INTO INGRIJITOARE VALUES(466733, 'Antonescu', 'Theodora');
INSERT INTO INGRIJITOARE VALUES(499272, 'Jupanu', 'Emilia');
INSERT INTO INGRIJITOARE VALUES(493003, 'Tataru', 'Mihaela');
INSERT INTO INGRIJITOARE VALUES(424425, 'Badea', 'Victoria');
INSERT INTO INGRIJITOARE VALUES(457846, 'Croitoru', 'Stefania');
INSERT INTO INGRIJITOARE VALUES(489544, 'Constantin', 'Madalina');
INSERT INTO INGRIJITOARE VALUES(433322, 'Nae', 'Elena');
INSERT INTO INGRIJITOARE VALUES(488857, 'Mirea', 'Laura');

CREATE TABLE PAZNIC(
    COD_SALARIAT NUMBER(6,0) NOT NULL, FOREIGN KEY (COD_SALARIAT) REFERENCES SALARIAT(COD_SALARIAT),
    NUME_SALARIAT VARCHAR2(30) NOT NULL,
    PRENUME_SALARIAT VARCHAR2(30) NOT NULL,
    PRIMARY KEY (COD_SALARIAT)
);
INSERT INTO PAZNIC VALUES(589622, 'Enache', 'Mihai');
INSERT INTO PAZNIC VALUES(511195, 'Patrascu', 'Andrei');
INSERT INTO PAZNIC VALUES(559384, 'Gavrila', 'Damian');
INSERT INTO PAZNIC VALUES(519327, 'Teodoroiu', 'Alexandru');
INSERT INTO PAZNIC VALUES(525933, 'Turcu', 'Mihai');
INSERT INTO PAZNIC VALUES(548775, 'Retevoiescu', 'Sebastian');
INSERT INTO PAZNIC VALUES(566943, 'Oancea', 'Robert');
INSERT INTO PAZNIC VALUES(505884, 'Anghel', 'Radu');

CREATE TABLE ASISTENTA_MEDICALA(
    COD_SALARIAT NUMBER(6,0) NOT NULL, FOREIGN KEY (COD_SALARIAT) REFERENCES SALARIAT(COD_SALARIAT),
    NUME_SALARIAT VARCHAR2(30) NOT NULL,
    PRENUME_SALARIAT VARCHAR2(30) NOT NULL,
    PRIMARY KEY (COD_SALARIAT)
);
INSERT INTO ASISTENTA_MEDICALA VALUES(627482, 'Chelaru', 'Anca');
INSERT INTO ASISTENTA_MEDICALA VALUES(699704, 'Campeanu', 'Oana');
INSERT INTO ASISTENTA_MEDICALA VALUES(611455, 'Hogea', 'Sandra');
INSERT INTO ASISTENTA_MEDICALA VALUES(670773, 'Rapiteanu', 'Crina');

CREATE TABLE TELEFON(
    COD_SALARIAT NUMBER(6,0) NOT NULL, FOREIGN KEY (COD_SALARIAT) REFERENCES SALARIAT(COD_SALARIAT),
    NR_TELEFON_SALARIAT NUMBER(10,0),
    PRIMARY KEY (COD_SALARIAT)
);
--TELEFON ADMINISTRATORI
INSERT INTO TELEFON VALUES(145176, 0737557663);
INSERT INTO TELEFON VALUES(100578, 0765188893);
INSERT INTO TELEFON VALUES(117643, 0766669201);
INSERT INTO TELEFON VALUES(198042, 0785859993);

--TELEFON BUCATARI
INSERT INTO TELEFON VALUES(253267, 0768656543);
INSERT INTO TELEFON VALUES(265347, 0743222144);
INSERT INTO TELEFON VALUES(277788, 0725536486);
INSERT INTO TELEFON VALUES(213193, 0735674453);
INSERT INTO TELEFON VALUES(204893, 0700543632);
INSERT INTO TELEFON VALUES(211032, 0799829235);
INSERT INTO TELEFON VALUES(290021, 0711314456);
INSERT INTO TELEFON VALUES(219266, 0727490094);
INSERT INTO TELEFON VALUES(265009, 0729561002);
INSERT INTO TELEFON VALUES(233904, 0734054839);
INSERT INTO TELEFON VALUES(222901, 0745112206);
INSERT INTO TELEFON VALUES(284038, 0734568444);

--TELEFON VANZATOARE
INSERT INTO TELEFON VALUES(389568, 0721743768);
INSERT INTO TELEFON VALUES(328988, 0738859763);
INSERT INTO TELEFON VALUES(311934, 0732536657);
INSERT INTO TELEFON VALUES(388578, 0731747703);
INSERT INTO TELEFON VALUES(341821, 0771778942);
INSERT INTO TELEFON VALUES(385332, 0710038274);
INSERT INTO TELEFON VALUES(395732, 0745673801);
INSERT INTO TELEFON VALUES(300423, 0740405011);
INSERT INTO TELEFON VALUES(342305, 0766671419);
INSERT INTO TELEFON VALUES(374932, 0753640013);
INSERT INTO TELEFON VALUES(390343, 0728390102);
INSERT INTO TELEFON VALUES(303214, 0776466663);

--TELEFON INGRIJITOARE
INSERT INTO TELEFON VALUES(472726, 0733305832);
INSERT INTO TELEFON VALUES(437636, 0700023422);
INSERT INTO TELEFON VALUES(411242, 0777773218);
INSERT INTO TELEFON VALUES(442224, 0759939921);
INSERT INTO TELEFON VALUES(466733, 0773712211);
INSERT INTO TELEFON VALUES(499272, 0740031023);
INSERT INTO TELEFON VALUES(493003, 0729947388);
INSERT INTO TELEFON VALUES(424425, 0700138882);
INSERT INTO TELEFON VALUES(457846, 0735685554);
INSERT INTO TELEFON VALUES(489544, 0723980012);
INSERT INTO TELEFON VALUES(433322, 0791992737);
INSERT INTO TELEFON VALUES(488857, 0700037874);

--TELEFON PAZNICI
INSERT INTO TELEFON VALUES(589622, 0712425326);
INSERT INTO TELEFON VALUES(511195, 0753265663);
INSERT INTO TELEFON VALUES(559384, 0745678777);
INSERT INTO TELEFON VALUES(519327, 0781111466);
INSERT INTO TELEFON VALUES(525933, 0755212334);
INSERT INTO TELEFON VALUES(548775, 0747464446);
INSERT INTO TELEFON VALUES(566943, 0796564305);
INSERT INTO TELEFON VALUES(505884, 0722234004);

--TELEFON ASISTENTA MEDICALA
INSERT INTO TELEFON VALUES(627482, 0722224506);
INSERT INTO TELEFON VALUES(699704, 0776768906);
INSERT INTO TELEFON VALUES(611455, 0710190231);
INSERT INTO TELEFON VALUES(670773, 0723000139);

CREATE TABLE DEPARTAMENT(
    COD_DEPARTAMENT NUMBER(2,0) NOT NULL PRIMARY KEY,
    NUME_DEPARTAMENT VARCHAR2(30)
);
--DEPARTAMENT ADMINISTRATIE
INSERT INTO DEPARTAMENT VALUES(11, 'Administratie');
INSERT INTO DEPARTAMENT VALUES(12, 'Administratie');
INSERT INTO DEPARTAMENT VALUES(13, 'Administratie');
INSERT INTO DEPARTAMENT VALUES(14, 'Administratie');

--DEPARTAMENT CANTINA
INSERT INTO DEPARTAMENT VALUES(21, 'Cantina');
INSERT INTO DEPARTAMENT VALUES(22, 'Cantina');
INSERT INTO DEPARTAMENT VALUES(23, 'Cantina');
INSERT INTO DEPARTAMENT VALUES(24, 'Cantina');

--DEPARTAMENT CURATENIE
INSERT INTO DEPARTAMENT VALUES(31, 'Curatenie');
INSERT INTO DEPARTAMENT VALUES(32, 'Curatenie');
INSERT INTO DEPARTAMENT VALUES(33, 'Curatenie');
INSERT INTO DEPARTAMENT VALUES(34, 'Curatenie');

--DEPARTAMENT PAZA
INSERT INTO DEPARTAMENT VALUES(41, 'Paza');
INSERT INTO DEPARTAMENT VALUES(42, 'Paza');
INSERT INTO DEPARTAMENT VALUES(43, 'Paza');
INSERT INTO DEPARTAMENT VALUES(44, 'Paza');

--DEPARTAMENT CABINET MEDICAL
INSERT INTO DEPARTAMENT VALUES(51, 'Cabinet Medical');
INSERT INTO DEPARTAMENT VALUES(52, 'Cabinet Medical');
INSERT INTO DEPARTAMENT VALUES(53, 'Cabinet Medical');
INSERT INTO DEPARTAMENT VALUES(54, 'Cabinet Medical');

CREATE TABLE CORP_CAMIN(
    COD_CORP_CAMIN NUMBER(3,0) NOT NULL,
    COD_CAMIN NUMBER(10,0) NOT NULL, FOREIGN KEY (COD_CAMIN) REFERENCES CAMIN(COD_CAMIN),
    COD_DEPARTAMENT NUMBER(2,0) NOT NULL, FOREIGN KEY (COD_DEPARTAMENT) REFERENCES DEPARTAMENT(COD_DEPARTAMENT),
    PRIMARY KEY(COD_CORP_CAMIN)
);
--DEPARTAMENTE CAMIN CORP A
INSERT INTO CORP_CAMIN VALUES(155, 6488329691, 11);
INSERT INTO CORP_CAMIN VALUES(129, 6488329691, 21);
INSERT INTO CORP_CAMIN VALUES(143, 6488329691, 31);
INSERT INTO CORP_CAMIN VALUES(190, 6488329691, 41);
INSERT INTO CORP_CAMIN VALUES(178, 6488329691, 51);

--DEPARTAMENTE CAMIN CORP B
INSERT INTO CORP_CAMIN VALUES(219, 7323821124, 12);
INSERT INTO CORP_CAMIN VALUES(298, 7323821124, 22);
INSERT INTO CORP_CAMIN VALUES(254, 7323821124, 32);
INSERT INTO CORP_CAMIN VALUES(237, 7323821124, 42);
INSERT INTO CORP_CAMIN VALUES(220, 7323821124, 52);

--DEPARTAMENTE CAMIN CORP C
INSERT INTO CORP_CAMIN VALUES(379, 6432232911, 13);
INSERT INTO CORP_CAMIN VALUES(326, 6432232911, 23);
INSERT INTO CORP_CAMIN VALUES(338, 6432232911, 33);
INSERT INTO CORP_CAMIN VALUES(305, 6432232911, 43);
INSERT INTO CORP_CAMIN VALUES(310, 6432232911, 53);

--DEPARTAMENTE CAMIN CORP D
INSERT INTO CORP_CAMIN VALUES(490, 5674393928, 14);
INSERT INTO CORP_CAMIN VALUES(426, 5674393928, 24);
INSERT INTO CORP_CAMIN VALUES(444, 5674393928, 34);
INSERT INTO CORP_CAMIN VALUES(418, 5674393928, 44);
INSERT INTO CORP_CAMIN VALUES(452, 5674393928, 54);

CREATE TABLE SALARIAT_LUCREAZA_IN(
    COD_CORP_CAMIN NUMBER(3,0) NOT NULL, FOREIGN KEY(COD_CORP_CAMIN) REFERENCES CORP_CAMIN(COD_CORP_CAMIN),
    COD_SALARIAT NUMBER(6,0) NOT NULL, FOREIGN KEY(COD_SALARIAT) REFERENCES SALARIAT(COD_SALARIAT),
    PRIMARY KEY(COD_CORP_CAMIN, COD_SALARIAT)
);
--BUCATARI CANTINA CAMIN CORP A
INSERT INTO SALARIAT_LUCREAZA_IN VALUES(129, 253267);
INSERT INTO SALARIAT_LUCREAZA_IN VALUES(129, 265347);
INSERT INTO SALARIAT_LUCREAZA_IN VALUES(129, 277788);

--VANZATOARE CANTINA CAMIN CORP A
INSERT INTO SALARIAT_LUCREAZA_IN VALUES(129, 389568);
INSERT INTO SALARIAT_LUCREAZA_IN VALUES(129, 328988);
INSERT INTO SALARIAT_LUCREAZA_IN VALUES(129, 311934);

--INGRIJITOARE CAMIN CORP A
INSERT INTO SALARIAT_LUCREAZA_IN VALUES(143, 472726);
INSERT INTO SALARIAT_LUCREAZA_IN VALUES(143, 437636);
INSERT INTO SALARIAT_LUCREAZA_IN VALUES(143, 411242);

--PAZA CAMIN CORP A
INSERT INTO SALARIAT_LUCREAZA_IN VALUES(190, 589622);
INSERT INTO SALARIAT_LUCREAZA_IN VALUES(190, 511195);

--ASISTENTA MEDICALA CAMIN CORP A
INSERT INTO SALARIAT_LUCREAZA_IN VALUES(178, 627482);

--BUCATARI CANTINA CAMIN CORP B
INSERT INTO SALARIAT_LUCREAZA_IN VALUES(298, 213193);
INSERT INTO SALARIAT_LUCREAZA_IN VALUES(298, 204893);
INSERT INTO SALARIAT_LUCREAZA_IN VALUES(298, 211032);

--VANZATOARE CANTINA CAMIN CORP B
INSERT INTO SALARIAT_LUCREAZA_IN VALUES(298, 388578);
INSERT INTO SALARIAT_LUCREAZA_IN VALUES(298, 341821);
INSERT INTO SALARIAT_LUCREAZA_IN VALUES(298, 385332);

--INGRIJITOARE CAMIN CORP B
INSERT INTO SALARIAT_LUCREAZA_IN VALUES(254, 442224);
INSERT INTO SALARIAT_LUCREAZA_IN VALUES(254, 466733);
INSERT INTO SALARIAT_LUCREAZA_IN VALUES(254, 499272);

--PAZA CAMIN CORP B
INSERT INTO SALARIAT_LUCREAZA_IN VALUES(237, 559384);
INSERT INTO SALARIAT_LUCREAZA_IN VALUES(237, 519327);

--ASISTENTA MEDICALA CAMIN CORP B
INSERT INTO SALARIAT_LUCREAZA_IN VALUES(220, 699704);

--BUCATARI CANTINA CAMIN CORP C
INSERT INTO SALARIAT_LUCREAZA_IN VALUES(326, 290021);
INSERT INTO SALARIAT_LUCREAZA_IN VALUES(326, 219266);
INSERT INTO SALARIAT_LUCREAZA_IN VALUES(326, 265009);

--VANZATOARE CANTINA CAMIN CORP C
INSERT INTO SALARIAT_LUCREAZA_IN VALUES(326, 395732);
INSERT INTO SALARIAT_LUCREAZA_IN VALUES(326, 300423);
INSERT INTO SALARIAT_LUCREAZA_IN VALUES(326, 342305);

--INGRIJITOARE CAMIN CORP C
INSERT INTO SALARIAT_LUCREAZA_IN VALUES(338, 493003);
INSERT INTO SALARIAT_LUCREAZA_IN VALUES(338, 424425);
INSERT INTO SALARIAT_LUCREAZA_IN VALUES(338, 457846);

--PAZA CAMIN CORP C
INSERT INTO SALARIAT_LUCREAZA_IN VALUES(305, 525933);
INSERT INTO SALARIAT_LUCREAZA_IN VALUES(305, 548775);

--ASISTENTA MEDICALA CAMIN CORP C
INSERT INTO SALARIAT_LUCREAZA_IN VALUES(310, 611455);

--BUCATARI CANTINA CAMIN CORP D
INSERT INTO SALARIAT_LUCREAZA_IN VALUES(426, 233904);
INSERT INTO SALARIAT_LUCREAZA_IN VALUES(426, 222901);
INSERT INTO SALARIAT_LUCREAZA_IN VALUES(426, 284038);

--VANZATOARE CANTINA CAMIN CORP D
INSERT INTO SALARIAT_LUCREAZA_IN VALUES(426, 374932);
INSERT INTO SALARIAT_LUCREAZA_IN VALUES(426, 390343);
INSERT INTO SALARIAT_LUCREAZA_IN VALUES(426, 303214);

--INGRIJITOARE CAMIN CORP D
INSERT INTO SALARIAT_LUCREAZA_IN VALUES(444, 489544);
INSERT INTO SALARIAT_LUCREAZA_IN VALUES(444, 433322);
INSERT INTO SALARIAT_LUCREAZA_IN VALUES(444, 488857);

--PAZA CAMIN CORP D
INSERT INTO SALARIAT_LUCREAZA_IN VALUES(418, 566943);
INSERT INTO SALARIAT_LUCREAZA_IN VALUES(418, 505884);

--ASISTENTA MEDICALA CAMIN CORP D
INSERT INTO SALARIAT_LUCREAZA_IN VALUES(452, 670773);

CREATE TABLE SALARIAT_CONDUCE(
    COD_CORP_CAMIN NUMBER(3,0) NOT NULL, FOREIGN KEY (COD_CORP_CAMIN) REFERENCES CORP_CAMIN(COD_CORP_CAMIN),
    COD_SALARIAT NUMBER(6,0) NOT NULL, FOREIGN KEY (COD_SALARIAT) REFERENCES SALARIAT(COD_SALARIAT),
    PRIMARY KEY(COD_CORP_CAMIN, COD_SALARIAT)
);
--ADMINISTRATOR CAMIN CORP A
INSERT INTO SALARIAT_CONDUCE VALUES(155, 145176);

--ADMINISTRATOR CAMIN CORP B
INSERT INTO SALARIAT_CONDUCE VALUES(219, 100578);

--ADMINISTRATOR CAMIN CORP C
INSERT INTO SALARIAT_CONDUCE VALUES(379, 117643);

--ADMINISTRATOR CAMIN CORP D
INSERT INTO SALARIAT_CONDUCE VALUES(490, 198042);

CREATE TABLE VIZITATOR(
    COD_VIZITATOR NUMBER(3,0) NOT NULL PRIMARY KEY,
    NUME_VIZITATOR VARCHAR2(30) NOT NULL,
    PRENUME_VIZITATOR VARCHAR2(30) NOT NULL,
    DATA_VIZITEI DATE,
    ORA_SOSIRII TIMESTAMP(6),
    ORA_PLECARII TIMESTAMP(6)
);
INSERT INTO VIZITATOR VALUES(127, 'Ionescu', 'Florian', date '2020-11-15', timestamp '2020-11-15 20:16:35', timestamp '2020-11-15 22:05:15');
INSERT INTO VIZITATOR VALUES(112, 'Petre', 'Daria', date '2020-11-26', timestamp '2020-11-26 18:31:10', timestamp '2020-11-26 21:18:03');
INSERT INTO VIZITATOR VALUES(184, 'Grigore', 'Ariadna', date '2020-12-10', timestamp '2020-12-10 20:16:35', timestamp '2020-12-10 22:05:15');
INSERT INTO VIZITATOR VALUES(139, 'Ivancovici', 'Alexandru', date '2020-11-30', timestamp '2020-11-30 19:46:28', timestamp '2020-11-30 23:08:20');
INSERT INTO VIZITATOR VALUES(125, 'Kronstadt', 'Luiza', date '2020-12-01', timestamp '2020-12-01 20:56:11', timestamp '2020-12-01 22:10:15');
INSERT INTO VIZITATOR VALUES(162, 'Timofte', 'Alina', date '2020-12-12', timestamp '2020-12-12 20:22:10', timestamp '2020-12-12 22:39:33');
INSERT INTO VIZITATOR VALUES(134, 'Sarbu', 'Catalin', date '2020-11-21', timestamp '2020-11-21 19:56:39', timestamp '2020-11-21 21:55:25');
INSERT INTO VIZITATOR VALUES(103, 'Munteanu', 'Andreea', date '2020-10-30', timestamp '2020-10-30 18:36:55', timestamp '2020-10-30 20:15:45');
INSERT INTO VIZITATOR VALUES(199, 'Moldoveanu', 'Elena', date '2020-11-02', timestamp '2020-11-02 19:31:45', timestamp '2020-11-02 22:15:46');
INSERT INTO VIZITATOR VALUES(130, 'Toma', 'Valentin', date '2020-11-28', timestamp '2020-11-28 21:56:31', timestamp '2020-11-28 23:05:15');

CREATE TABLE VIZITATOR_VIZITEAZA_STUDENT(
    COD_VIZITATOR NUMBER(3,0) NOT NULL, FOREIGN KEY(COD_VIZITATOR) REFERENCES VIZITATOR(COD_VIZITATOR),
    COD_STUDENT NUMBER(6,0) NOT NULL, FOREIGN KEY(COD_STUDENT) REFERENCES STUDENT(COD_STUDENT),
    PRIMARY KEY(COD_STUDENT)
);
INSERT INTO VIZITATOR_VIZITEAZA_STUDENT VALUES(127, 145163);
INSERT INTO VIZITATOR_VIZITEAZA_STUDENT VALUES(112, 114235);
INSERT INTO VIZITATOR_VIZITEAZA_STUDENT VALUES(184, 121542);
INSERT INTO VIZITATOR_VIZITEAZA_STUDENT VALUES(139, 292408);
INSERT INTO VIZITATOR_VIZITEAZA_STUDENT VALUES(125, 293495);
INSERT INTO VIZITATOR_VIZITEAZA_STUDENT VALUES(162, 376565);
INSERT INTO VIZITATOR_VIZITEAZA_STUDENT VALUES(134, 311144);
INSERT INTO VIZITATOR_VIZITEAZA_STUDENT VALUES(103, 429191);
INSERT INTO VIZITATOR_VIZITEAZA_STUDENT VALUES(199, 411932);
INSERT INTO VIZITATOR_VIZITEAZA_STUDENT VALUES(130, 472849);